fname,lname,gender,background,dateOfBirth,institutionName,studyProgram,institutePlace,additionalEdInfo,phoneNumber,address,city,pinCode,stateRegion,personalEmail,eventImageUrl,eventTitle,amountRequired,deadLine,addtionalFilesUrl,eventDescription,sessionId
Roselle,Barthelemy,Female,consectetuer adipiscing elit proin interdum mauris non ligula pellentesque ultrices phasellus id sapien in sapien iaculis congue vivamus metus arcu adipiscing molestie hendrerit at vulputate vitae nisl aenean lectus pellentesque eget nunc donec quis orci,1969-11-25,Randolph-Macon Woman's College,Assistant Professor,Garahaji,quis turpis sed ante vivamus tortor duis mattis egestas metus aenean fermentum donec ut mauris eget massa tempor convallis nulla neque libero convallis eget,+62 (665) 967-2838,07 Almo Park,Shah Alam,,,rbarthelemy0@fastcompany.com,http://dummyimage.com/205x161.png/ff4444/ffffff,erat eros viverra eget congue eget semper,22927,2025-01-07,http://dummyimage.com/138x167.png/ff4444/ffffff,nunc commodo placerat praesent blandit nam nulla integer pede justo lacinia eget tincidunt eget tempus vel pede morbi porttitor lorem id ligula suspendisse ornare consequat lectus in est risus auctor,0
Nana,Statter,Female,tempus semper est quam pharetra magna ac consequat metus sapien ut nunc vestibulum ante ipsum primis in faucibus orci luctus et ultrices posuere cubilia curae mauris viverra,1967-07-24,"Universidad de Puerto Rico, Carolina",Research Nurse,Tirhanimîne,consectetuer adipiscing elit proin interdum mauris non ligula pellentesque ultrices phasellus id sapien in sapien iaculis congue vivamus metus arcu,+212 (811) 588-8124,7099 Cambridge Junction,Bugul’ma,,,nstatter1@t.co,http://dummyimage.com/233x205.png/cc0000/ffffff,maecenas tristique est et tempus,23665,2024-07-28,http://dummyimage.com/201x218.png/dddddd/000000,quam turpis adipiscing lorem vitae mattis nibh ligula nec sem duis aliquam convallis nunc proin at turpis a pede posuere nonummy integer non velit donec diam neque vestibulum eget vulputate ut ultrices vel augue vestibulum ante,0
Glori,Avraham,Female,amet cursus id turpis integer aliquet massa id lobortis convallis tortor risus dapibus augue vel accumsan tellus nisi eu orci mauris lacinia sapien quis libero nullam sit amet turpis elementum ligula vehicula consequat morbi a ipsum integer a,1971-03-23,Pennsylvania State University - Milton S.Hershey Medical Center,Pharmacist,Lloque,dictumst morbi vestibulum velit id pretium iaculis diam erat fermentum justo nec condimentum neque sapien placerat ante nulla justo aliquam quis turpis eget elit sodales scelerisque mauris sit amet eros suspendisse accumsan tortor quis turpis,+51 (292) 851-8730,4 Morningstar Court,Binuangan,,,gavraham2@blogspot.com,http://dummyimage.com/211x137.png/cc0000/ffffff,velit nec nisi vulputate nonummy maecenas tincidunt,5513,2024-08-04,http://dummyimage.com/225x119.png/5fa2dd/ffffff,quis orci eget orci vehicula condimentum curabitur in libero ut massa volutpat convallis morbi odio odio elementum eu interdum eu tincidunt in leo,0
Thorvald,Cabrara,Male,cursus vestibulum proin eu mi nulla ac enim in tempor turpis nec euismod scelerisque quam turpis adipiscing lorem vitae mattis nibh ligula nec sem duis aliquam convallis nunc proin at turpis a pede posuere nonummy integer non velit donec,1976-05-14,University of Trinidad and Tobago,Quality Engineer,Qorovulbozor,nec molestie sed justo pellentesque viverra pede ac diam cras pellentesque volutpat dui maecenas tristique est et tempus semper est quam pharetra magna ac consequat metus sapien,+998 (905) 171-9515,283 Myrtle Drive,Huta Stara B,,,tcabrara3@fastcompany.com,http://dummyimage.com/123x126.png/cc0000/ffffff,nulla eget eros elementum pellentesque quisque porta,826,2025-05-12,http://dummyimage.com/248x209.png/dddddd/000000,hac habitasse platea dictumst morbi vestibulum velit id pretium iaculis diam erat fermentum justo nec condimentum neque sapien placerat ante nulla justo aliquam quis turpis eget elit sodales scelerisque mauris sit,0
Baxie,Yoxen,Male,blandit nam nulla integer pede justo lacinia eget tincidunt eget tempus vel pede morbi porttitor lorem id ligula suspendisse ornare consequat lectus in est risus auctor sed tristique in tempus sit amet sem fusce consequat,1993-09-12,"Concordia College, St. Paul",Quality Engineer,Ogoja,interdum eu tincidunt in leo maecenas pulvinar lobortis est phasellus sit amet erat nulla tempus vivamus in felis eu sapien cursus vestibulum proin eu mi nulla ac enim in tempor turpis nec euismod scelerisque quam turpis,+234 (925) 611-4259,6 Muir Lane,Bayt Liqyā,,,byoxen4@mapquest.com,http://dummyimage.com/206x167.png/5fa2dd/ffffff,natoque penatibus et magnis dis parturient montes,13469,2025-06-04,http://dummyimage.com/211x138.png/dddddd/000000,et magnis dis parturient montes nascetur ridiculus mus etiam vel augue vestibulum rutrum rutrum neque aenean auctor gravida sem praesent id massa id nisl venenatis lacinia aenean sit amet justo morbi ut odio cras mi pede malesuada in imperdiet,0
Berni,Inglish,Female,in faucibus orci luctus et ultrices posuere cubilia curae donec pharetra magna vestibulum aliquet ultrices erat tortor sollicitudin mi sit amet lobortis sapien sapien non mi integer,1985-03-05,Jomo Kenyatta University of Agriculture and Technology,Help Desk Technician,Stanisław Górny,justo etiam pretium iaculis justo in hac habitasse platea dictumst etiam faucibus cursus urna ut tellus nulla ut erat id mauris vulputate elementum nullam varius nulla facilisi cras non velit nec nisi vulputate nonummy maecenas,+48 (366) 487-8427,27680 Lien Court,Nampera,34-103,,binglish5@samsung.com,http://dummyimage.com/205x101.png/ff4444/ffffff,id ligula suspendisse ornare consequat lectus in est,28437,2023-04-25,http://dummyimage.com/188x177.png/ff4444/ffffff,cubilia curae duis faucibus accumsan odio curabitur convallis duis consequat dui nec nisi volutpat eleifend donec ut dolor morbi vel lectus in,0
Stefa,Colebrook,Female,praesent lectus vestibulum quam sapien varius ut blandit non interdum in ante vestibulum ante ipsum primis in faucibus orci luctus et,2001-05-02,Celal Bayar University,Product Engineer,Orsha,nisl ut volutpat sapien arcu sed augue aliquam erat volutpat in congue etiam justo etiam pretium iaculis justo in hac habitasse platea dictumst etiam faucibus cursus,+375 (364) 248-1017,9 Oriole Crossing,Cigadog,,,scolebrook6@state.gov,http://dummyimage.com/202x168.png/5fa2dd/ffffff,justo nec condimentum neque sapien placerat ante,4829,2024-09-20,http://dummyimage.com/176x145.png/cc0000/ffffff,at nunc commodo placerat praesent blandit nam nulla integer pede justo lacinia eget tincidunt eget tempus vel pede morbi porttitor lorem id ligula suspendisse ornare consequat lectus in est risus auctor sed tristique in,0
Cate,Batcock,Female,consequat morbi a ipsum integer a nibh in quis justo maecenas rhoncus aliquam lacus morbi quis tortor id nulla ultrices aliquet maecenas leo odio condimentum id luctus nec molestie sed justo pellentesque viverra pede ac diam,1969-07-30,Université de Kamina,Mechanical Systems Engineer,Vila Nova,vitae nisl aenean lectus pellentesque eget nunc donec quis orci eget orci vehicula condimentum curabitur in libero ut massa volutpat convallis morbi odio odio elementum eu interdum eu tincidunt in,+351 (974) 233-8773,9058 Merchant Point,Tucuran,4710-627,Braga,cbatcock7@umn.edu,http://dummyimage.com/148x242.png/dddddd/000000,adipiscing elit proin risus praesent,1633,2024-09-01,http://dummyimage.com/162x149.png/5fa2dd/ffffff,accumsan tortor quis turpis sed ante vivamus tortor duis mattis egestas metus aenean fermentum donec ut mauris eget massa tempor convallis nulla neque libero convallis eget,0
Vinnie,Guille,Female,ac enim in tempor turpis nec euismod scelerisque quam turpis adipiscing lorem vitae mattis nibh ligula nec sem duis aliquam convallis nunc proin at turpis,1977-10-24,Hiroshima City University,Help Desk Operator,Frederiksberg,lectus pellentesque eget nunc donec quis orci eget orci vehicula condimentum curabitur in libero ut massa volutpat convallis morbi odio odio,+45 (867) 242-6035,394 Farragut Court,Jinlong,1950,Region Hovedstaden,vguille8@dailymotion.com,http://dummyimage.com/173x199.png/cc0000/ffffff,est donec odio justo sollicitudin ut,4484,2023-12-08,http://dummyimage.com/189x249.png/5fa2dd/ffffff,in felis donec semper sapien a libero nam dui proin leo odio porttitor id consequat in consequat ut nulla sed accumsan felis ut at dolor quis odio consequat varius integer ac leo pellentesque ultrices mattis odio donec vitae nisi nam,0
Shae,Gribben,Male,enim leo rhoncus sed vestibulum sit amet cursus id turpis integer aliquet massa id lobortis convallis tortor risus dapibus augue vel accumsan tellus nisi eu,1995-10-24,University of Dhaka,Paralegal,Kořenov,molestie hendrerit at vulputate vitae nisl aenean lectus pellentesque eget nunc donec quis orci eget orci vehicula condimentum curabitur in libero ut massa volutpat convallis morbi,+420 (297) 933-2191,18 Amoth Way,Uherce Mineralne,468 49,,sgribben9@ted.com,http://dummyimage.com/126x108.png/dddddd/000000,posuere cubilia curae nulla dapibus dolor,2578,2024-12-25,http://dummyimage.com/109x222.png/ff4444/ffffff,dolor quis odio consequat varius integer ac leo pellentesque ultrices mattis odio donec vitae nisi nam ultrices libero non mattis pulvinar nulla pede ullamcorper augue a suscipit nulla elit ac nulla sed,0
Viviyan,Josuweit,Female,integer a nibh in quis justo maecenas rhoncus aliquam lacus morbi quis tortor id nulla ultrices aliquet maecenas leo odio condimentum id luctus nec molestie sed justo,1997-11-14,Pedagogical University of Krakow,Nuclear Power Engineer,Ruda-Huta,sit amet erat nulla tempus vivamus in felis eu sapien cursus vestibulum proin eu mi nulla ac enim in tempor turpis nec euismod scelerisque quam turpis adipiscing lorem vitae mattis nibh,+48 (790) 759-9893,402 Bellgrove Trail,Chengxi,22-110,,vjosuweita@free.fr,http://dummyimage.com/157x123.png/ff4444/ffffff,sapien cum sociis natoque penatibus,11910,2023-07-08,http://dummyimage.com/207x111.png/dddddd/000000,posuere cubilia curae duis faucibus accumsan odio curabitur convallis duis consequat dui nec nisi volutpat eleifend donec ut dolor morbi vel lectus in quam fringilla rhoncus mauris enim leo rhoncus,0
Sal,Andrick,Male,eleifend donec ut dolor morbi vel lectus in quam fringilla rhoncus mauris enim leo rhoncus sed vestibulum sit amet cursus id turpis integer aliquet massa id lobortis convallis tortor,1981-08-01,Université du Havre,Senior Sales Associate,Ödeshög,integer aliquet massa id lobortis convallis tortor risus dapibus augue vel accumsan tellus nisi eu orci mauris lacinia sapien quis libero nullam sit amet turpis elementum ligula vehicula consequat morbi,+46 (573) 455-1778,8194 Park Meadow Avenue,Bulualto,599 92,Östergötland,sandrickb@utexas.edu,http://dummyimage.com/113x178.png/dddddd/000000,potenti nullam porttitor lacus at,5977,2023-02-16,http://dummyimage.com/113x187.png/dddddd/000000,dolor sit amet consectetuer adipiscing elit proin risus praesent lectus vestibulum quam sapien varius ut blandit non interdum in ante vestibulum ante ipsum primis in faucibus orci luctus et ultrices posuere cubilia curae duis faucibus accumsan,0
Neils,Fairbridge,Male,ridiculus mus etiam vel augue vestibulum rutrum rutrum neque aenean auctor gravida sem praesent id massa id nisl venenatis lacinia aenean sit amet justo morbi ut odio,1966-10-16,Moldova State University,Project Manager,Llanera,eu magna vulputate luctus cum sociis natoque penatibus et magnis dis parturient montes nascetur ridiculus mus vivamus vestibulum sagittis sapien cum sociis natoque penatibus et magnis dis parturient,+63 (683) 558-2736,11 Vera Court,Kambingan,3126,,nfairbridgec@uiuc.edu,http://dummyimage.com/218x166.png/dddddd/000000,bibendum imperdiet nullam orci pede venenatis non sodales,18677,2024-10-17,http://dummyimage.com/106x200.png/dddddd/000000,et commodo vulputate justo in blandit ultrices enim lorem ipsum dolor sit amet consectetuer adipiscing elit proin interdum mauris non ligula pellentesque ultrices phasellus id sapien in,0
Obie,Leivers,Male,a nibh in quis justo maecenas rhoncus aliquam lacus morbi quis tortor id nulla ultrices aliquet maecenas leo odio condimentum id luctus nec molestie sed justo pellentesque viverra pede ac diam cras pellentesque volutpat dui maecenas,1991-06-08,Fisher College,Pharmacist,Liangwa,ut massa quis augue luctus tincidunt nulla mollis molestie lorem quisque ut erat curabitur gravida nisi at nibh in hac habitasse platea dictumst aliquam augue quam sollicitudin vitae consectetuer eget rutrum at,+86 (783) 401-1908,81 Grayhawk Pass,Foxton,,,oleiversd@so-net.ne.jp,http://dummyimage.com/138x144.png/dddddd/000000,fermentum justo nec condimentum neque sapien,14544,2023-01-29,http://dummyimage.com/211x232.png/5fa2dd/ffffff,amet turpis elementum ligula vehicula consequat morbi a ipsum integer a nibh in quis justo maecenas rhoncus aliquam lacus morbi quis tortor id nulla ultrices aliquet maecenas leo odio condimentum id luctus nec molestie sed,0
Malissa,Myderscough,Female,sem fusce consequat nulla nisl nunc nisl duis bibendum felis sed interdum venenatis turpis enim blandit mi in porttitor pede justo eu massa donec dapibus duis at velit eu est,1981-01-14,Osaka International University for Women,Registered Nurse,Busia,consequat nulla nisl nunc nisl duis bibendum felis sed interdum venenatis turpis enim blandit mi in porttitor pede justo eu massa donec dapibus duis at velit eu est congue elementum in hac habitasse platea dictumst morbi vestibulum velit id,+254 (355) 144-6182,0594 Sundown Way,Sim,,,mmyderscoughe@yellowbook.com,http://dummyimage.com/127x171.png/ff4444/ffffff,lorem ipsum dolor sit amet consectetuer,13351,2024-04-18,http://dummyimage.com/121x163.png/ff4444/ffffff,nibh in quis justo maecenas rhoncus aliquam lacus morbi quis tortor id nulla ultrices aliquet maecenas leo odio condimentum id luctus nec molestie sed justo pellentesque viverra pede ac diam cras,0
Josy,Chessun,Female,tincidunt in leo maecenas pulvinar lobortis est phasellus sit amet erat nulla tempus vivamus in felis eu sapien cursus vestibulum proin eu mi nulla ac enim in tempor,1999-04-22,Universidade de Taubaté,Compensation Analyst,Klimavichy,aliquam erat volutpat in congue etiam justo etiam pretium iaculis justo in hac habitasse platea dictumst etiam faucibus cursus urna ut tellus nulla,+375 (164) 139-6850,5659 Manufacturers Way,Anseong,,,jchessunf@feedburner.com,http://dummyimage.com/180x229.png/cc0000/ffffff,leo maecenas pulvinar lobortis est phasellus,26671,2024-07-15,http://dummyimage.com/103x172.png/5fa2dd/ffffff,condimentum id luctus nec molestie sed justo pellentesque viverra pede ac diam cras pellentesque volutpat dui maecenas tristique est et tempus,0
Basil,Rickett,Male,lorem integer tincidunt ante vel ipsum praesent blandit lacinia erat vestibulum sed magna at nunc commodo placerat praesent blandit nam nulla integer,2000-10-07,"DeVry Institute of Technology, Decatur",Financial Advisor,Picungbera,eros elementum pellentesque quisque porta volutpat erat quisque erat eros viverra eget congue eget semper rutrum nulla nunc purus phasellus in felis donec semper sapien a libero nam dui proin leo odio porttitor id consequat in consequat,+62 (624) 381-7326,3 Drewry Court,Lagny-sur-Marne,,,brickettg@nps.gov,http://dummyimage.com/207x189.png/5fa2dd/ffffff,nec condimentum neque sapien placerat ante nulla justo,29084,2024-07-24,http://dummyimage.com/201x130.png/5fa2dd/ffffff,sapien urna pretium nisl ut volutpat sapien arcu sed augue aliquam erat volutpat in congue etiam justo etiam pretium iaculis justo in hac habitasse platea dictumst etiam faucibus cursus urna ut tellus nulla,0
Vevay,Tatton,Female,at turpis donec posuere metus vitae ipsum aliquam non mauris morbi non lectus aliquam sit amet diam in magna bibendum imperdiet nullam orci pede venenatis non sodales sed tincidunt eu felis fusce posuere felis,1975-10-17,Kokushikan University,Environmental Specialist,Stari Banovci,pellentesque at nulla suspendisse potenti cras in purus eu magna vulputate luctus cum sociis natoque penatibus et magnis dis parturient montes nascetur ridiculus mus vivamus vestibulum sagittis sapien cum sociis natoque penatibus,+381 (894) 823-3311,010 Di Loreto Terrace,Alcaria,,,vtattonh@hexun.com,http://dummyimage.com/246x112.png/ff4444/ffffff,sagittis dui vel nisl duis ac,16641,2023-08-23,http://dummyimage.com/206x200.png/5fa2dd/ffffff,in hac habitasse platea dictumst maecenas ut massa quis augue luctus tincidunt nulla mollis molestie lorem quisque ut erat curabitur gravida nisi at nibh in hac habitasse platea dictumst aliquam augue quam sollicitudin vitae consectetuer eget rutrum at lorem integer,0
Clementia,Jobbings,Female,nibh quisque id justo sit amet sapien dignissim vestibulum vestibulum ante ipsum primis in faucibus orci luctus et ultrices posuere cubilia curae nulla dapibus,1975-12-08,"Schiller International University, Paris",VP Quality Control,Dingqiao,amet eros suspendisse accumsan tortor quis turpis sed ante vivamus tortor duis mattis egestas metus aenean fermentum donec ut mauris eget massa tempor convallis nulla neque libero convallis eget eleifend luctus ultricies eu nibh quisque id justo sit amet,+86 (622) 597-7383,743 Hollow Ridge Junction,Radomin,,,cjobbingsi@webnode.com,http://dummyimage.com/155x236.png/dddddd/000000,non velit nec nisi vulputate nonummy maecenas,23406,2023-06-22,http://dummyimage.com/202x120.png/dddddd/000000,in tempus sit amet sem fusce consequat nulla nisl nunc nisl duis bibendum felis sed interdum venenatis turpis enim blandit mi in porttitor pede justo eu massa donec dapibus duis at velit eu est congue elementum in hac habitasse platea,0
Billye,Mazonowicz,Female,luctus cum sociis natoque penatibus et magnis dis parturient montes nascetur ridiculus mus vivamus vestibulum sagittis sapien cum sociis natoque penatibus et,1975-04-28,"Hochschule für Technik, Wirtschaft und Kultur Leipzig (FH)",Actuary,Kurumkan,justo morbi ut odio cras mi pede malesuada in imperdiet et commodo vulputate justo in blandit ultrices enim lorem ipsum dolor sit amet consectetuer adipiscing elit proin interdum mauris non ligula pellentesque ultrices,+7 (763) 984-4319,329 West Hill,Oslo,671642,,bmazonowiczj@ucsd.edu,http://dummyimage.com/168x155.png/cc0000/ffffff,faucibus accumsan odio curabitur convallis duis consequat,1335,2023-05-28,http://dummyimage.com/157x137.png/5fa2dd/ffffff,suspendisse potenti nullam porttitor lacus at turpis donec posuere metus vitae ipsum aliquam non mauris morbi non lectus aliquam sit amet diam in magna bibendum imperdiet,0
Miguel,Zima,Male,porttitor lacus at turpis donec posuere metus vitae ipsum aliquam non mauris morbi non lectus aliquam sit amet diam in magna bibendum imperdiet nullam orci pede venenatis,1961-03-01,"Universidad Internacional de Andalucía, Sede Antonio Machado de Baeza",Chemical Engineer,Granville,volutpat in congue etiam justo etiam pretium iaculis justo in hac habitasse platea dictumst etiam faucibus cursus urna ut tellus nulla ut erat id mauris vulputate elementum nullam varius nulla facilisi,+33 (602) 526-3638,60 Helena Park,Sungai Raya,50404 CEDEX,Basse-Normandie,mzimak@census.gov,http://dummyimage.com/115x207.png/ff4444/ffffff,id turpis integer aliquet massa,22054,2023-06-25,http://dummyimage.com/164x226.png/cc0000/ffffff,nec sem duis aliquam convallis nunc proin at turpis a pede posuere nonummy integer non velit donec diam neque vestibulum eget vulputate ut ultrices vel,0
Killie,Dovey,Male,odio in hac habitasse platea dictumst maecenas ut massa quis augue luctus tincidunt nulla mollis molestie lorem quisque ut erat curabitur gravida nisi at nibh in hac habitasse,1975-07-10,Illinois Benedictine University,Technical Writer,Sigavé,metus vitae ipsum aliquam non mauris morbi non lectus aliquam sit amet diam in magna bibendum imperdiet nullam orci pede venenatis non sodales sed tincidunt eu felis fusce posuere felis sed lacus morbi sem mauris laoreet,+681 (502) 216-8416,7400 Northview Center,Banjarwaru,98620,,kdoveyl@stumbleupon.com,http://dummyimage.com/236x187.png/5fa2dd/ffffff,nunc vestibulum ante ipsum primis in faucibus,16858,2024-01-23,http://dummyimage.com/244x158.png/dddddd/000000,neque vestibulum eget vulputate ut ultrices vel augue vestibulum ante ipsum primis in faucibus orci luctus et ultrices posuere cubilia curae donec pharetra magna vestibulum aliquet ultrices erat tortor sollicitudin mi sit,0
Cyndy,Helliker,Female,consectetuer eget rutrum at lorem integer tincidunt ante vel ipsum praesent blandit lacinia erat vestibulum sed magna at nunc commodo placerat praesent blandit nam,1998-08-08,E.A.P. Europäische Wirtschaftshochschule Berlin,Operator,Nossebro,maecenas rhoncus aliquam lacus morbi quis tortor id nulla ultrices aliquet maecenas leo odio condimentum id luctus nec molestie sed justo pellentesque viverra pede ac diam,+46 (516) 728-5460,994 Clove Drive,Siquirres,465 96,Västra Götaland,chellikerm@eventbrite.com,http://dummyimage.com/237x163.png/cc0000/ffffff,platea dictumst maecenas ut massa,1953,2023-10-24,http://dummyimage.com/155x103.png/5fa2dd/ffffff,rutrum nulla tellus in sagittis dui vel nisl duis ac nibh fusce lacus purus aliquet at feugiat non pretium quis lectus,0
Huntlee,Terne,Male,amet consectetuer adipiscing elit proin risus praesent lectus vestibulum quam sapien varius ut blandit non interdum in ante vestibulum ante ipsum primis in faucibus orci luctus et ultrices posuere cubilia curae duis faucibus accumsan odio,1991-05-31,North University of Baia Mare,Biostatistician II,Podwilk,lorem id ligula suspendisse ornare consequat lectus in est risus auctor sed tristique in tempus sit amet sem fusce consequat nulla nisl nunc nisl duis bibendum felis sed interdum venenatis,+48 (453) 857-0445,206 Declaration Point,Ağdaş,34-722,,hternen@imdb.com,http://dummyimage.com/249x204.png/5fa2dd/ffffff,neque sapien placerat ante nulla justo aliquam quis,27661,2023-05-29,http://dummyimage.com/250x196.png/ff4444/ffffff,tempus semper est quam pharetra magna ac consequat metus sapien ut nunc vestibulum ante ipsum primis in faucibus orci luctus et ultrices posuere cubilia curae mauris viverra diam vitae quam suspendisse potenti,0
Tillie,Cowerd,Female,amet sapien dignissim vestibulum vestibulum ante ipsum primis in faucibus orci luctus et ultrices posuere cubilia curae nulla dapibus dolor vel est donec odio justo sollicitudin,1973-02-24,Livingstone College,Media Manager II,Sloboda,in imperdiet et commodo vulputate justo in blandit ultrices enim lorem ipsum dolor sit amet consectetuer adipiscing elit proin interdum mauris non,+380 (612) 924-8729,58075 Truax Pass,Viljakkala,,,tcowerdo@wsj.com,http://dummyimage.com/191x244.png/dddddd/000000,consectetuer eget rutrum at lorem integer tincidunt ante,7721,2025-02-22,http://dummyimage.com/239x178.png/5fa2dd/ffffff,cursus vestibulum proin eu mi nulla ac enim in tempor turpis nec euismod scelerisque quam turpis adipiscing lorem vitae mattis nibh ligula nec sem duis aliquam convallis nunc proin at turpis a pede posuere nonummy integer non,0
Ashleigh,Duffy,Female,nibh in lectus pellentesque at nulla suspendisse potenti cras in purus eu magna vulputate luctus cum sociis natoque penatibus et magnis,2002-02-21,Universidad ICESI,Marketing Assistant,Liaodian,odio donec vitae nisi nam ultrices libero non mattis pulvinar nulla pede ullamcorper augue a suscipit nulla elit ac nulla sed vel enim sit amet nunc viverra dapibus nulla suscipit ligula in lacus curabitur at ipsum ac,+86 (600) 187-9586,5 Gina Drive,Hongcheng,,,aduffyp@springer.com,http://dummyimage.com/107x120.png/cc0000/ffffff,non lectus aliquam sit amet diam,19640,2023-07-29,http://dummyimage.com/229x113.png/cc0000/ffffff,ut volutpat sapien arcu sed augue aliquam erat volutpat in congue etiam justo etiam pretium iaculis justo in hac habitasse platea dictumst etiam faucibus cursus urna ut tellus nulla ut erat id mauris vulputate elementum nullam varius nulla facilisi cras,0
Jedidiah,Feaveryear,Male,amet sem fusce consequat nulla nisl nunc nisl duis bibendum felis sed interdum venenatis turpis enim blandit mi in porttitor pede justo eu massa donec dapibus duis,1995-11-22,University of Northern Washington,Civil Engineer,Kafr Zaytā,sed nisl nunc rhoncus dui vel sem sed sagittis nam congue risus semper porta volutpat quam pede lobortis ligula sit amet eleifend,+963 (164) 540-6091,824 Little Fleur Drive,Mramani,,,jfeaveryearq@addthis.com,http://dummyimage.com/137x136.png/ff4444/ffffff,diam cras pellentesque volutpat dui,23268,2023-05-18,http://dummyimage.com/102x156.png/5fa2dd/ffffff,massa id nisl venenatis lacinia aenean sit amet justo morbi ut odio cras mi pede malesuada in imperdiet et commodo vulputate justo in blandit ultrices enim lorem ipsum dolor sit amet consectetuer adipiscing elit proin,0
Andrea,Dunseath,Female,justo in hac habitasse platea dictumst etiam faucibus cursus urna ut tellus nulla ut erat id mauris vulputate elementum nullam varius nulla facilisi,1985-11-18,Meiji University of Oriental Medicine,Sales Representative,Nevers,primis in faucibus orci luctus et ultrices posuere cubilia curae duis faucibus accumsan odio curabitur convallis duis consequat dui nec nisi volutpat eleifend donec ut dolor morbi vel,+33 (430) 439-9099,39 Bobwhite Place,Phu Loc,58004 CEDEX,Bourgogne,adunseathr@xing.com,http://dummyimage.com/188x204.png/cc0000/ffffff,ligula suspendisse ornare consequat lectus in,20421,2023-12-18,http://dummyimage.com/232x127.png/5fa2dd/ffffff,venenatis tristique fusce congue diam id ornare imperdiet sapien urna pretium nisl ut volutpat sapien arcu sed augue aliquam erat volutpat in congue etiam justo etiam pretium iaculis justo in,0
Rosalind,Oxenbury,Female,donec posuere metus vitae ipsum aliquam non mauris morbi non lectus aliquam sit amet diam in magna bibendum imperdiet nullam orci pede venenatis non sodales sed tincidunt eu felis fusce posuere felis sed lacus morbi sem mauris laoreet,1999-09-28,Blessing-Rieman College of Nursing,Accountant III,Banjar Delodrurung,ullamcorper augue a suscipit nulla elit ac nulla sed vel enim sit amet nunc viverra dapibus nulla suscipit ligula in lacus curabitur at ipsum ac tellus semper interdum mauris ullamcorper purus sit amet nulla,+62 (679) 722-1801,92001 Blaine Circle,Nidri,,,roxenburys@mozilla.com,http://dummyimage.com/124x233.png/cc0000/ffffff,volutpat in congue etiam justo etiam pretium,21080,2023-01-29,http://dummyimage.com/122x173.png/cc0000/ffffff,adipiscing lorem vitae mattis nibh ligula nec sem duis aliquam convallis nunc proin at turpis a pede posuere nonummy integer non velit donec diam neque vestibulum eget,0
Andrea,Pickthorne,Male,donec diam neque vestibulum eget vulputate ut ultrices vel augue vestibulum ante ipsum primis in faucibus orci luctus et ultrices posuere cubilia curae donec pharetra magna vestibulum aliquet ultrices erat tortor sollicitudin mi sit amet lobortis sapien sapien non,1994-06-19,Université d'Evry Val d'Essonne,Structural Analysis Engineer,Stockholm,eros viverra eget congue eget semper rutrum nulla nunc purus phasellus in felis donec semper sapien a libero nam dui proin leo odio porttitor id consequat in consequat ut nulla sed accumsan,+46 (482) 548-6749,70 Doe Crossing Circle,Alegria,103 88,Stockholm,apickthornet@lycos.com,http://dummyimage.com/143x182.png/cc0000/ffffff,nisl ut volutpat sapien arcu,8775,2024-07-22,http://dummyimage.com/160x242.png/ff4444/ffffff,odio consequat varius integer ac leo pellentesque ultrices mattis odio donec vitae nisi nam ultrices libero non mattis pulvinar nulla pede ullamcorper augue,0
Eryn,Woolmer,Female,phasellus id sapien in sapien iaculis congue vivamus metus arcu adipiscing molestie hendrerit at vulputate vitae nisl aenean lectus pellentesque eget nunc donec quis orci eget orci vehicula,1977-01-11,National Taiwan College of Physical Education and Sports,Professor,Kabare,proin at turpis a pede posuere nonummy integer non velit donec diam neque vestibulum eget vulputate ut ultrices vel augue vestibulum ante ipsum primis in faucibus orci luctus et ultrices posuere cubilia curae donec pharetra,+62 (520) 430-4167,53225 Clarendon Pass,Marantao,,,ewoolmeru@ameblo.jp,http://dummyimage.com/130x247.png/cc0000/ffffff,urna pretium nisl ut volutpat,24362,2025-04-05,http://dummyimage.com/234x125.png/5fa2dd/ffffff,ut rhoncus aliquet pulvinar sed nisl nunc rhoncus dui vel sem sed sagittis nam congue risus semper porta volutpat quam pede lobortis ligula sit amet eleifend pede libero quis orci nullam molestie nibh in,0
Elvina,McGaraghan,Female,integer aliquet massa id lobortis convallis tortor risus dapibus augue vel accumsan tellus nisi eu orci mauris lacinia sapien quis libero nullam sit amet turpis elementum ligula vehicula consequat morbi a ipsum integer a nibh in quis justo,1983-06-12,University of Osteopathic Medicine and Health Science,Operator,Detroit,in tempus sit amet sem fusce consequat nulla nisl nunc nisl duis bibendum felis sed interdum venenatis turpis enim blandit mi in porttitor pede justo eu massa donec dapibus duis at,+1 (313) 534-8393,23292 Marquette Place,Tuguanpu,48217,Michigan,emcgaraghanv@friendfeed.com,http://dummyimage.com/135x202.png/cc0000/ffffff,nullam sit amet turpis elementum ligula,15402,2023-07-27,http://dummyimage.com/129x207.png/cc0000/ffffff,quis turpis sed ante vivamus tortor duis mattis egestas metus aenean fermentum donec ut mauris eget massa tempor convallis nulla neque libero convallis eget eleifend luctus ultricies eu nibh quisque id justo sit amet sapien dignissim vestibulum,0
Corrie,Houlahan,Male,hac habitasse platea dictumst aliquam augue quam sollicitudin vitae consectetuer eget rutrum at lorem integer tincidunt ante vel ipsum praesent blandit lacinia erat vestibulum sed magna at nunc commodo placerat praesent blandit nam nulla integer pede justo lacinia,1985-05-05,St. Joseph's College New York,Electrical Engineer,Shixiang,nunc nisl duis bibendum felis sed interdum venenatis turpis enim blandit mi in porttitor pede justo eu massa donec dapibus duis,+86 (562) 609-9370,51536 Burrows Plaza,Oliveira,,,choulahanw@telegraph.co.uk,http://dummyimage.com/219x250.png/5fa2dd/ffffff,lacus purus aliquet at feugiat non,16301,2023-07-09,http://dummyimage.com/105x135.png/cc0000/ffffff,nulla facilisi cras non velit nec nisi vulputate nonummy maecenas tincidunt lacus at velit vivamus vel nulla eget eros elementum pellentesque quisque porta volutpat erat quisque erat eros viverra eget,0
Mortimer,Axtens,Male,etiam justo etiam pretium iaculis justo in hac habitasse platea dictumst etiam faucibus cursus urna ut tellus nulla ut erat id,1993-11-17,School of Economic Sciences,Information Systems Manager,Quemú Quemú,lobortis sapien sapien non mi integer ac neque duis bibendum morbi non quam nec dui luctus rutrum nulla tellus in sagittis dui vel nisl duis ac nibh fusce lacus purus aliquet at feugiat,+54 (954) 644-9566,8 Monterey Pass,Ban Ko Lan,3240,,maxtensx@edublogs.org,http://dummyimage.com/227x194.png/cc0000/ffffff,tempus semper est quam pharetra magna,27220,2025-02-28,http://dummyimage.com/130x137.png/5fa2dd/ffffff,iaculis justo in hac habitasse platea dictumst etiam faucibus cursus urna ut tellus nulla ut erat id mauris vulputate elementum nullam varius nulla,0
Hoyt,Bithell,Male,rutrum neque aenean auctor gravida sem praesent id massa id nisl venenatis lacinia aenean sit amet justo morbi ut odio cras mi pede malesuada in imperdiet et commodo vulputate justo in blandit ultrices enim lorem ipsum dolor,1978-07-10,Universidad Nacional de Misiones,Desktop Support Technician,Acli,massa quis augue luctus tincidunt nulla mollis molestie lorem quisque ut erat curabitur gravida nisi at nibh in hac habitasse platea dictumst aliquam augue quam sollicitudin vitae consectetuer eget rutrum at lorem integer tincidunt ante,+63 (474) 648-3698,56 Nobel Terrace,Ospina,1470,,hbithelly@163.com,http://dummyimage.com/106x174.png/dddddd/000000,nulla mollis molestie lorem quisque ut erat curabitur,14047,2025-03-15,http://dummyimage.com/106x113.png/5fa2dd/ffffff,morbi non quam nec dui luctus rutrum nulla tellus in sagittis dui vel nisl duis ac nibh fusce lacus purus aliquet at feugiat non pretium quis lectus suspendisse potenti in eleifend quam a odio in hac habitasse platea dictumst,0
Ulrica,Hairsine,Female,diam erat fermentum justo nec condimentum neque sapien placerat ante nulla justo aliquam quis turpis eget elit sodales scelerisque mauris sit amet eros suspendisse accumsan tortor quis turpis sed ante,1963-01-30,St. Petersburg State University of Culture and Arts,Computer Systems Analyst III,Fengyuan,id pretium iaculis diam erat fermentum justo nec condimentum neque sapien placerat ante nulla justo aliquam quis turpis eget elit sodales scelerisque mauris sit amet eros suspendisse accumsan tortor quis turpis sed ante,+886 (460) 460-1628,1061 Lukken Terrace,Huatajata,,,uhairsinez@ustream.tv,http://dummyimage.com/105x219.png/cc0000/ffffff,luctus tincidunt nulla mollis molestie lorem quisque,24040,2024-01-06,http://dummyimage.com/212x115.png/cc0000/ffffff,pellentesque volutpat dui maecenas tristique est et tempus semper est quam pharetra magna ac consequat metus sapien ut nunc vestibulum,0
Arlie,Pirazzi,Female,phasellus sit amet erat nulla tempus vivamus in felis eu sapien cursus vestibulum proin eu mi nulla ac enim in tempor turpis nec euismod scelerisque quam turpis adipiscing lorem vitae mattis nibh ligula nec sem duis aliquam convallis nunc proin,1987-03-02,Higher School o Business/National Louis University(WSB/NLU) in Nowy Sacz,Assistant Media Planner,Sosnówka,nisi vulputate nonummy maecenas tincidunt lacus at velit vivamus vel nulla eget eros elementum pellentesque quisque porta volutpat erat quisque erat eros viverra eget congue eget semper rutrum nulla nunc purus phasellus,+48 (947) 640-0314,68 Troy Alley,Bira,58-564,,apirazzi10@berkeley.edu,http://dummyimage.com/122x247.png/ff4444/ffffff,nonummy maecenas tincidunt lacus at velit,4260,2024-08-21,http://dummyimage.com/119x206.png/5fa2dd/ffffff,est et tempus semper est quam pharetra magna ac consequat metus sapien ut nunc vestibulum ante ipsum primis in faucibus orci luctus et ultrices posuere cubilia curae mauris viverra diam vitae,0
Jean,Olyff,Female,lobortis est phasellus sit amet erat nulla tempus vivamus in felis eu sapien cursus vestibulum proin eu mi nulla ac enim in,2002-01-11,State University of New York School of Engineering and Applied Sciences,Accounting Assistant IV,Vitanje,lobortis convallis tortor risus dapibus augue vel accumsan tellus nisi eu orci mauris lacinia sapien quis libero nullam sit amet turpis elementum ligula vehicula consequat morbi a ipsum integer a nibh in quis,+386 (907) 786-1314,20 Kedzie Point,Livorno,3205,,jolyff11@comcast.net,http://dummyimage.com/140x213.png/5fa2dd/ffffff,amet justo morbi ut odio cras mi pede,3290,2025-05-07,http://dummyimage.com/173x217.png/cc0000/ffffff,sociis natoque penatibus et magnis dis parturient montes nascetur ridiculus mus vivamus vestibulum sagittis sapien cum sociis natoque penatibus et magnis dis parturient montes nascetur ridiculus mus,0
Yvonne,Casaroli,Female,luctus tincidunt nulla mollis molestie lorem quisque ut erat curabitur gravida nisi at nibh in hac habitasse platea dictumst aliquam,2001-03-29,Graduate University for Advanced Studies,Staff Accountant II,Aygepat,condimentum id luctus nec molestie sed justo pellentesque viverra pede ac diam cras pellentesque volutpat dui maecenas tristique est et,+374 (881) 302-8278,17 Elgar Junction,Ipueiras,,,ycasaroli12@e-recht24.de,http://dummyimage.com/139x183.png/5fa2dd/ffffff,amet diam in magna bibendum imperdiet nullam orci,11123,2024-02-10,http://dummyimage.com/107x191.png/5fa2dd/ffffff,nulla facilisi cras non velit nec nisi vulputate nonummy maecenas tincidunt lacus at velit vivamus vel nulla eget eros elementum pellentesque quisque porta volutpat erat quisque erat eros viverra eget,0
Marijo,Colten,Female,eu est congue elementum in hac habitasse platea dictumst morbi vestibulum velit id pretium iaculis diam erat fermentum justo nec condimentum neque sapien placerat ante nulla justo aliquam quis turpis eget elit sodales scelerisque mauris,1978-10-27,Sapporo Gakuin University,Registered Nurse,La Goulette,sodales sed tincidunt eu felis fusce posuere felis sed lacus morbi sem mauris laoreet ut rhoncus aliquet pulvinar sed nisl nunc rhoncus dui vel sem sed sagittis nam congue risus semper,+216 (256) 870-9384,364 Schurz Court,Lahad Datu,,,mcolten13@businesswire.com,http://dummyimage.com/192x113.png/dddddd/000000,massa id lobortis convallis tortor,7125,2024-07-29,http://dummyimage.com/152x227.png/cc0000/ffffff,tincidunt eget tempus vel pede morbi porttitor lorem id ligula suspendisse ornare consequat lectus in est risus auctor sed tristique in tempus sit amet sem,0
Etan,Bootell,Male,lorem quisque ut erat curabitur gravida nisi at nibh in hac habitasse platea dictumst aliquam augue quam sollicitudin vitae consectetuer eget rutrum at lorem integer tincidunt ante vel ipsum praesent blandit lacinia erat vestibulum sed magna at nunc,1964-01-01,University of Health Sciences Antigua,Safety Technician I,Sandnes,in faucibus orci luctus et ultrices posuere cubilia curae duis faucibus accumsan odio curabitur convallis duis consequat dui nec nisi volutpat eleifend donec ut dolor morbi vel lectus in quam fringilla rhoncus,+47 (196) 492-6423,7 Green Drive,Mapiripán,4396,Rogaland,ebootell14@baidu.com,http://dummyimage.com/226x111.png/ff4444/ffffff,ultrices enim lorem ipsum dolor sit amet consectetuer,6310,2024-04-19,http://dummyimage.com/202x189.png/dddddd/000000,erat volutpat in congue etiam justo etiam pretium iaculis justo in hac habitasse platea dictumst etiam faucibus cursus urna ut tellus nulla ut erat id mauris vulputate elementum nullam varius nulla facilisi cras non velit nec nisi vulputate nonummy,0
Raf,McKeveney,Polygender,in faucibus orci luctus et ultrices posuere cubilia curae donec pharetra magna vestibulum aliquet ultrices erat tortor sollicitudin mi sit amet lobortis sapien sapien non mi integer ac neque duis,1967-07-26,Osaka Medical College,Financial Analyst,Rongmei,vel ipsum praesent blandit lacinia erat vestibulum sed magna at nunc commodo placerat praesent blandit nam nulla integer pede justo lacinia eget tincidunt eget tempus vel pede morbi porttitor lorem id ligula suspendisse ornare consequat lectus in est risus auctor,+86 (896) 657-9251,6 Shasta Circle,San Marcos,,,rmckeveney15@wiley.com,http://dummyimage.com/163x243.png/cc0000/ffffff,vulputate nonummy maecenas tincidunt lacus,26073,2024-08-11,http://dummyimage.com/102x104.png/dddddd/000000,convallis eget eleifend luctus ultricies eu nibh quisque id justo sit amet sapien dignissim vestibulum vestibulum ante ipsum primis in faucibus orci luctus et ultrices posuere cubilia,0
Tiebold,Ville,Male,semper sapien a libero nam dui proin leo odio porttitor id consequat in consequat ut nulla sed accumsan felis ut,1986-05-29,State University of New York College of Agriculture and Technology at Cobleskill,Desktop Support Technician,Qasr Abu Hadi,eu orci mauris lacinia sapien quis libero nullam sit amet turpis elementum ligula vehicula consequat morbi a ipsum integer a nibh in quis justo maecenas rhoncus aliquam lacus morbi quis tortor id nulla ultrices aliquet maecenas,+218 (502) 734-0810,8 Dryden Center,Funan Chengguanzhen,,,tville16@de.vu,http://dummyimage.com/171x141.png/dddddd/000000,quam suspendisse potenti nullam porttitor,29750,2023-09-15,http://dummyimage.com/235x242.png/ff4444/ffffff,luctus et ultrices posuere cubilia curae duis faucibus accumsan odio curabitur convallis duis consequat dui nec nisi volutpat eleifend donec ut dolor morbi vel lectus in quam fringilla rhoncus mauris enim,0
Jefferey,Gebb,Bigender,vehicula consequat morbi a ipsum integer a nibh in quis justo maecenas rhoncus aliquam lacus morbi quis tortor id nulla ultrices aliquet maecenas leo odio condimentum id luctus nec molestie,1974-01-06,College of Europe,Research Assistant III,Yuelai,aliquam convallis nunc proin at turpis a pede posuere nonummy integer non velit donec diam neque vestibulum eget vulputate ut ultrices vel augue vestibulum ante,+86 (692) 929-0536,8 New Castle Court,Yuanping,,,jgebb17@sohu.com,http://dummyimage.com/140x193.png/5fa2dd/ffffff,donec dapibus duis at velit,11983,2024-03-13,http://dummyimage.com/219x135.png/cc0000/ffffff,eget semper rutrum nulla nunc purus phasellus in felis donec semper sapien a libero nam dui proin leo odio porttitor id consequat in consequat ut nulla sed accumsan felis ut at dolor quis odio consequat varius integer,0
Wynn,Delwater,Male,lacinia nisi venenatis tristique fusce congue diam id ornare imperdiet sapien urna pretium nisl ut volutpat sapien arcu sed augue aliquam erat volutpat,1998-08-16,Johnson County Community College,Clinical Specialist,Talisay,accumsan tellus nisi eu orci mauris lacinia sapien quis libero nullam sit amet turpis elementum ligula vehicula consequat morbi a ipsum integer a nibh in quis justo maecenas rhoncus aliquam lacus,+63 (217) 710-9374,3879 Meadow Vale Terrace,Kępice,4602,,wdelwater18@abc.net.au,http://dummyimage.com/240x230.png/dddddd/000000,dapibus at diam nam tristique tortor eu,16708,2023-11-20,http://dummyimage.com/130x169.png/ff4444/ffffff,quisque erat eros viverra eget congue eget semper rutrum nulla nunc purus phasellus in felis donec semper sapien a libero nam dui proin leo odio porttitor id consequat in consequat ut,0
Bernice,Esby,Female,eget nunc donec quis orci eget orci vehicula condimentum curabitur in libero ut massa volutpat convallis morbi odio odio elementum eu interdum eu tincidunt in leo maecenas pulvinar lobortis est phasellus sit amet erat nulla tempus vivamus in felis eu,1964-09-27,Ross University Caribbean School of Medicine,Systems Administrator I,Sanshan,nascetur ridiculus mus etiam vel augue vestibulum rutrum rutrum neque aenean auctor gravida sem praesent id massa id nisl venenatis lacinia,+86 (590) 911-0574,24786 Dottie Crossing,Xiongshan,,,besby19@vimeo.com,http://dummyimage.com/221x151.png/ff4444/ffffff,ridiculus mus etiam vel augue vestibulum rutrum rutrum,15716,2025-03-10,http://dummyimage.com/244x232.png/cc0000/ffffff,posuere metus vitae ipsum aliquam non mauris morbi non lectus aliquam sit amet diam in magna bibendum imperdiet nullam orci pede venenatis non sodales sed tincidunt,0
Ramsay,Wadley,Male,lacus at turpis donec posuere metus vitae ipsum aliquam non mauris morbi non lectus aliquam sit amet diam in magna bibendum imperdiet nullam orci pede venenatis non sodales sed tincidunt eu felis fusce posuere felis sed,1974-03-01,Sir Syed Institute Of Technology Islamabad,Nurse,San Jacinto,odio condimentum id luctus nec molestie sed justo pellentesque viverra pede ac diam cras pellentesque volutpat dui maecenas tristique est et tempus semper est quam pharetra,+51 (856) 100-3533,3 Orin Trail,Tombu,,,rwadley1a@hud.gov,http://dummyimage.com/211x183.png/cc0000/ffffff,suscipit a feugiat et eros vestibulum,13205,2024-12-27,http://dummyimage.com/238x109.png/dddddd/000000,hac habitasse platea dictumst morbi vestibulum velit id pretium iaculis diam erat fermentum justo nec condimentum neque sapien placerat ante nulla justo aliquam quis turpis eget elit sodales scelerisque mauris sit amet eros suspendisse accumsan tortor quis turpis sed ante,0
Ker,Uglow,Male,adipiscing lorem vitae mattis nibh ligula nec sem duis aliquam convallis nunc proin at turpis a pede posuere nonummy integer non velit donec diam neque vestibulum eget vulputate ut ultrices vel augue vestibulum ante ipsum primis in faucibus,1978-11-04,"Swiss Federal Institute of Technology, Zurich",Librarian,Temorlorong,habitasse platea dictumst maecenas ut massa quis augue luctus tincidunt nulla mollis molestie lorem quisque ut erat curabitur gravida nisi at nibh in,+62 (708) 899-0526,7 Del Mar Way,Nkurenkuru,,,kuglow1b@ustream.tv,http://dummyimage.com/151x172.png/dddddd/000000,purus eu magna vulputate luctus cum sociis,18384,2025-03-23,http://dummyimage.com/104x108.png/dddddd/000000,sem fusce consequat nulla nisl nunc nisl duis bibendum felis sed interdum venenatis turpis enim blandit mi in porttitor pede justo eu massa donec dapibus duis at velit eu est congue elementum in hac habitasse platea dictumst morbi,0
Art,Krates,Male,lorem ipsum dolor sit amet consectetuer adipiscing elit proin risus praesent lectus vestibulum quam sapien varius ut blandit non interdum in,1996-02-26,"British Institute in Paris, University of London",Professor,Yasenskaya,nascetur ridiculus mus vivamus vestibulum sagittis sapien cum sociis natoque penatibus et magnis dis parturient montes nascetur ridiculus mus etiam vel augue vestibulum rutrum rutrum neque aenean auctor gravida sem praesent id massa id nisl venenatis lacinia aenean,+7 (881) 548-9271,115 Toban Terrace,Nanhe,353673,,akrates1c@bbc.co.uk,http://dummyimage.com/136x104.png/5fa2dd/ffffff,in faucibus orci luctus et,21993,2025-02-20,http://dummyimage.com/153x142.png/dddddd/000000,augue luctus tincidunt nulla mollis molestie lorem quisque ut erat curabitur gravida nisi at nibh in hac habitasse platea dictumst aliquam augue quam sollicitudin vitae consectetuer eget rutrum at lorem integer,0
Bronson,Buckmaster,Male,phasellus in felis donec semper sapien a libero nam dui proin leo odio porttitor id consequat in consequat ut nulla sed accumsan felis,1972-02-17,University of Oklahoma,Analyst Programmer,Ajaccio,luctus et ultrices posuere cubilia curae duis faucibus accumsan odio curabitur convallis duis consequat dui nec nisi volutpat eleifend donec ut dolor,+33 (976) 621-8967,938 Schlimgen Court,Huimin,20174 CEDEX 1,Corse,bbuckmaster1d@amazon.co.jp,http://dummyimage.com/172x152.png/dddddd/000000,proin risus praesent lectus vestibulum quam sapien varius,17671,2023-01-25,http://dummyimage.com/215x229.png/cc0000/ffffff,massa id nisl venenatis lacinia aenean sit amet justo morbi ut odio cras mi pede malesuada in imperdiet et commodo vulputate justo in blandit ultrices,0
